[{
	"paper_item_id": 7014,
	"label": "Feather",
	"unix": 1486983786
}, {
	"paper_item_id": 550,
	"label": "Shamrock",
	"unix": 1488106986
}, {
	"paper_item_id": 7075,
	"label": "Expedition Key",
	"unix": 1488106986
}, {
	"paper_item_id": 7076,
	"label": "AC 3000",
	"unix": 1488106986
}, {
	"paper_item_id": 7165,
	"label": "Tombstone",
	"unix": 1488538986
}, {
	"paper_item_id": 634,
	"label": "Lucky Coin",
	"unix": 1489489386
}, {
	"paper_item_id": 606,
	"label": "Crayon",
	"unix": 1490785957
}, {
	"paper_item_id": 636,
	"label": "Chocolate Bunny",
	"unix": 1491909157
}, {
	"paper_item_id": 7025,
	"label": "Recycle Pin",
	"unix": 1492600357
}, {
	"paper_item_id": 553,
	"label": "Pizza Slice Pin",
	"unix": 1493205157
}, {
	"paper_item_id": 638,
	"label": "King's Crown Pin",
	"unix": 1494445799
}, {
	"paper_item_id": 7062,
	"label": "Mermaid Shell Pin",
	"unix": 1495050599
}, {
	"paper_item_id": 7071,
	"label": "EPF Badge Pin",
	"unix": 1495569000
}, {
	"paper_item_id": 582,
	"label": "Starfish Pin",
	"unix": 1495569000
}, {
	"paper_item_id": 551,
	"label": "Music Note Pin",
	"unix": 1496852634
}, {
	"paper_item_id": 616,
	"label": "Record Pin",
	"unix": 1498048764
}, {
	"paper_item_id": 557,
	"label": "Sun Pin",
	"unix": 1499250342
}, {
	"paper_item_id": 585,
	"label": "Water Droplet Pin",
	"unix": 1500424859
}, {
	"paper_item_id": 7019,
	"label": "Frog Pin",
	"unix": 1501714202
}, {
	"paper_item_id": 567,
	"label": "Jet Pack Pin",
	"unix": 1502914419
}, {
	"paper_item_id": 594,
	"label": "Spider Pin",
	"unix": 1507765664
}, {
	"paper_item_id": 566,
	"label": "Pumpkin Pin",
	"unix": 1508965961
}, {
	"paper_item_id": 7078,
	"label": "Herbert Footprint Pin",
	"unix": 1510159407
}, {
	"paper_item_id": 7130,
	"label": "First Aid Pin",
	"unix": 1511385916
}, {
	"paper_item_id": 598,
	"label": "Wreath Pin",
	"unix": 1512585665	
}, {
	"paper_item_id": 628,
	"label": "Present Pin",
	"unix": 1513814689
}, {
	"paper_item_id": 599,
	"label": "Red Snow Shovel Pin",
	"unix": 1515022951
}, {
	"paper_item_id": 630,
	"label": "Taco Pin",
	"unix": 1516198980
}]