[{
	"postcard_id": 64,
	"name": "Stopping By"
}, {
	"postcard_id": 63,
	"name": "Night Club"
}, {
	"postcard_id": 55,
	"name": "Dojo"
}, {
	"postcard_id": 5,
	"name": "Pizza Parlor"
}, {
	"postcard_id": 4,
	"name": "Coffee Shop"
}, {
	"postcard_id": 75,
	"name": "Card-Jitsu"
}, {
	"postcard_id": 39,
	"name": "Sled Race"
}, {
	"postcard_id": 19,
	"name": "Great Game"
}, {
	"postcard_id": 51,
	"name": "Jet Pack"
}, {
	"postcard_id": 9,
	"name": "Hide and Seek"
}, {
	"postcard_id": 202,
	"name": "Check out my igloo"
}, {
	"postcard_id": 27,
	"name": "Party at my Igloo"
}, {
	"postcard_id": 17,
	"name": "Cool Igloo"
}, {
	"postcard_id": 61,
	"name": "Igloo Party"
}, {
	"postcard_id": 45,
	"name": "Cool Puffles"
}, {
	"postcard_id": 44,
	"name": "Best Friends"
}, {
	"postcard_id": 43,
	"name": "Happy Puffles"
}, {
	"postcard_id": 2,
	"name": "Puffle Performance"
}, {
	"postcard_id": 99,
	"name": "Find the Pin"
}, {
	"postcard_id": 70,
	"name": "Cool Outfit"
}, {
	"postcard_id": 88,
	"name": "My Tour"
}, {
	"postcard_id": 56,
	"name": "Hey There"
}, {
	"postcard_id": 50,
	"name": "Your Biggest Fan"
}, {
	"postcard_id": 9,
	"name": "Hide and Seek"
}, {
	"postcard_id": 41,
	"name": "Watch My Band Play"
}, {
	"postcard_id": 36,
	"name": "You're Funny"
}, {
	"postcard_id": 35,
	"name": "Long Time No See"
}, {
	"postcard_id": 79,
	"name": "Winter Fiesta"
}, {
	"postcard_id": 47,
	"name": "EPF Recruitment"
}]